{"SavableInfos":[{"xPos":-10.300000190734864,"yPos":0.5,"zPos":0.0,"currentHourglassLife":49.0,"hourglassQuantity":2,"IsPlayer":true},{"xPos":13.115543365478516,"yPos":12.701042175292969,"zPos":-0.5833331942558289,"currentHourglassLife":10.0,"hourglassQuantity":1,"IsPlayer":false},{"xPos":12.032698631286621,"yPos":3.698996067047119,"zPos":-0.5833322405815125,"currentHourglassLife":10.0,"hourglassQuantity":1,"IsPlayer":false},{"xPos":5.840513229370117,"yPos":13.33333969116211,"zPos":-0.5833332538604736,"currentHourglassLife":10.0,"hourglassQuantity":1,"IsPlayer":false}]}