{"SavableInfos":[{"xPos":-5.940000057220459,"yPos":-2.0,"zPos":-0.5833328366279602},{"xPos":0.8920924067497253,"yPos":-2.817805767059326,"zPos":-0.5833326578140259}]}